maxo_id	maxo_def	maxo_def_xref	ncit_def	ncit_id
ID	A obo:IAO_0000115	>A oboInOwl:hasDbXref		
MAXO:0000455	"The use of extreme cold to damage or destroy a body part, pathway, or function. The procedure is performed using small cryogenic probes during surgery, and has recently been applied to solitary sporadic renal tumor lesions."	NCIT:C15215	"The use of extreme cold to damage or destroy a body part, pathway, or function. The procedure is performed using small cryogenic probes during surgery, and has recently been applied to solitary sporadic renal tumor lesions."	NCIT:C15215
MAXO:0000454	"Removal, separation, detachment, extirpation, or eradication of a body part, pathway, or function by chemical means."	NCIT:C111157	"Removal, separation, detachment, extirpation, or eradication of a body part, pathway, or function by chemical means."	NCIT:C111157
MAXO:0000838	The determination of the ratio of the prothrombin time in a subject's specimen compared to a control sample. The measurement may be expressed as a ratio or percentage. [ NCI ]	NCIT:C170591	The determination of the ratio of the prothrombin time in a subject's specimen compared to a control sample. The measurement may be expressed as a ratio or percentage.	NCIT:C170591
MAXO:0000146	A procedure to determine the number of cells in a clinical sample.	NCIT:C48938	A procedure to determine the number of cells in a sample. Also used to mean the result of such a procedure.	NCIT:C48938
MAXO:0000728	"A technique in which sound waves are sent out by an ultrasound probe that has been inserted in the vagina and a computer uses the ultrasound echoes to create an image of the female genital tract. The test can be performed to evaluate women with infertility problems, abnormal bleeding, sources of unexplained pain, congenital malformations of the uterus and ovaries, and possible tumors and infection."	NCIT:C17644	"A technique in which sound waves are sent out by an ultrasound probe that has been inserted in the vagina and a computer uses the ultrasound echoes to create an image of the female genital tract. The test can be performed to evaluate women with infertility problems, abnormal bleeding, sources of unexplained pain, congenital malformations of the uterus and ovaries, and possible tumors and infection."	NCIT:C17644
MAXO:0001006	"The determination of the number of red blood cells, white blood cells, and platelets in a blood sample."	NCIT:C28133	"The determination of the number of red blood cells, white blood cells, and platelets in a blood sample."	NCIT:C28133
MAXO:0000143	Examination of the cells in urine.	NCIT:C94473	Examination of the cells in urine.	NCIT:C94473
MAXO:0000114	"Total parenteral nutrition formulated for intravenous administration in patients who cannot eat or cannot get enough nutrients from the foods they eat.  It is a liquid mixture of proteins, carbohydrates, fats, vitamins, minerals and other nutrients."	NCIT:C29484	"Total parenteral nutrition formulated for intravenous administration in patients who cannot eat or cannot get enough nutrients from the foods they eat.  It is a liquid mixture of proteins, carbohydrates, fats, vitamins, minerals and other nutrients."	NCIT:C29484
MAXO:0000807	The determination of the amount of protein present in a urine sample. [ NCI ]	NCIT:C74760	The determination of the amount of protein present in a urine sample.	NCIT:C74760
MAXO:0000844	A quantitative measurement of alkaline phosphatase present in a sample.	NCIT:C64432	A quantitative measurement of alkaline phosphatase present in a sample.	NCIT:C64432
MAXO:0000750	"Administration of high doses of chemotherapy or radiation therapy, as well as immunosuppressive therapy, to a transplant recipient prior to a bone marrow or hematopoietic stem cell transplant. Conditioning destroys the patient's abnormal blood cells or cancer, as well as slows the patient's immune response against the donor bone marrow (graft rejection)."	NCIT:C64468	"Administration of high doses of chemotherapy or radiation therapy, as well as immunosuppressive therapy, to a transplant recipient prior to a bone marrow or hematopoietic stem cell transplant.  Conditioning destroys the patient's abnormal blood cells or cancer, as well as slows the patient's immune response against the donor bone marrow (graft rejection)."	NCIT:C64468
MAXO:0000088	"Any alteration or treatment in an individual's diet with a planned goal, usually designed to improve the individual's overall health."	NCIT:C15447	"Any alteration or treatment in an individual's diet with a planned goal, usually designed to improve the individual's overall health."	NCIT:C15447
MAXO:0000846	A quantitative measurement of the amount of lactate dehydrogenase present in a sample.	NCIT:C64855	A quantitative measurement of the amount of lactate dehydrogenase present in a sample.	NCIT:C64855
MAXO:0000796	The act of observing and recording the fetal heart rate for determining the baseline values or other abnormal findings.	NCIT:C92929	The act of observing and recording the fetal heart rate for determining the baseline values or other abnormal findings.	NCIT:C92929
MAXO:0000138	Ultrasound imaging following the administration of a microbubble contrast agent.	NCIT:C148281	Ultrasound imaging following the administration of a microbubble contrast agent.	NCIT:C148281
MAXO:0000517	The insertion of a cannula or tube into a hollow body organ.	NCIT:C37981	The insertion of a cannula or tube into a hollow body organ.	NCIT:C37981
MAXO:0000863	A method to assess fetal oxygenation status during labor and delivery using a noninvasive reflectance pulse oximeter. [ NCI ]	NCIT:C92794	A method to assess fetal oxygenation status during labor and delivery using a noninvasive reflectance pulse oximeter.	NCIT:C92794
MAXO:0000778	"The quantitative measurement of liver enzymes in the blood, which is useful in assessing the functional state of a patient's liver. Liver function tests include the measurement of albumin, alanine transaminase, aspartate transaminase, alkaline phosphatase, bilirubin, and gamma glutamyl transferase."	NCIT:C74954	"The quantitative measurement of liver enzymes in the blood, which is useful in assessing the functional state of a patient's liver. Liver function tests include the measurement of albumin, alanine transaminase, aspartate transaminase, alkaline phosphatase, bilirubin, and gamma glutamyl transferase."	NCIT:C74954
MAXO:0000526	"An appraisal or evaluation of a patient's condition by a clinician that is based on a physical exam, medical history, and the patient's account of symptoms."	NCIT:C25305	"An appraisal or evaluation of a patient's condition by a clinician that is based on a physical exam, medical history, and the patient's account of symptoms."	NCIT:C25305
MAXO:0000125	Testing conducted utilizing a manual or microprocessor audiometer to test for hearing loss.	NCIT:C38036	Testing conducted utilizing a manual or microprocessor audiometer to test for hearing loss.	NCIT:C38036
MAXO:0000545	The determination of the absolute number of basophils in a blood sample.	NCIT:C64470	The determination of the absolute number of basophils in a blood sample.	NCIT:C64470
MAXO:0000527	"A systemic evaluation of the body and its functions using visual inspection, palpation, percussion and auscultation. The purpose is to determine the presence or absence of physical signs of disease or abnormality for an individual's health assessment."	NCIT:C20989	"A systemic evaluation of the body and its functions using visual inspection, palpation, percussion and auscultation. The purpose is to determine the presence or absence of physical signs of disease or abnormality for an individual's health assessment."	NCIT:C20989
MAXO:0000859	A test or diagnostic examination to assess the health status and well being of the fetus.	NCIT:C92714	A test or diagnostic examination to assess the health status and well being of the fetus.	NCIT:C92714
MAXO:0000148	The determination of the maximum amount of oxygen that can be combined chemically with hemoglobin in a volume of blood.	NCIT:C96614	The determination of the maximum amount of oxygen that can be combined chemically with hemoglobin in a volume of blood.	NCIT:C96614
MAXO:0000861	"The use of pharmacological and/or mechanical methods to initiate labor, including spontaneous rupture of membranes without contractions. Examples of methods include: artificial rupture of membranes, balloons, oxytocin, prostaglandin, laminaria, or other cervical ripening agents."	NCIT:C92814	"The use of pharmacological and/or mechanical methods to initiate labor, including spontaneous rupture of membranes without contractions. Examples of methods include: artificial rupture of membranes, balloons, oxytocin, prostaglandin, laminaria, or other cervical ripening agents. (adapted from reVITALize)"	NCIT:C92814
MAXO:0001007	The determination of the number of erythrocytes in a blood sample.	NCIT:C51946	The determination of the number of erythrocytes in a blood sample.	NCIT:C51946
MAXO:0000745	"Techniques for analysis of chromosomal and subchromosomal properties and structures, such as those to diagnose, classify, screen for, or manage genetic diseases and abnormalities."	NCIT:C18280	"Techniques for analysis of chromosomal and subchromosomal properties and structures, such as those to diagnose, classify, screen for, or manage genetic diseases and abnormalities."	NCIT:C18280
MAXO:0000106	The addition of one or more elements and/or chemical compounds that are either absent or deficient in an individual's daily diet.	NCIT:C15425	The addition of one or more elements and/or chemical compounds that are either absent or deficient in an individual's daily diet.	NCIT:C15425
MAXO:0000539	Screening with a swab from the vaginal and rectal areas in late pregnancy to test for the presence of Group B streptococcal infection.	NCIT:C92805	Screening with a swab from the vaginal and rectal areas in late pregnancy to test for the presence of Group B streptococcal infection.	NCIT:C92805
MAXO:0000272	"Any one of the substituted benzimidazole compounds with anti-ulcer activity. A proton pump inhibitor is orally administered in the neutrally charged, inactive form and, upon entering the acidic environment of the parietal cell, gets protonated and converted into its active form. The active form will covalently and irreversibly bind to the proton pump, the H+/K+-ATPase, located on the surface of parietal cells. This leads to an inhibition of the transport of hydrogen ions, in exchange for potassium ions, into the gastric lumen and results in an inhibition of gastric acid secretion."	NCIT:C29723	"Any one of the substituted benzimidazole compounds with anti-ulcer activity. A proton pump inhibitor is orally administered in the neutrally charged, inactive form and, upon entering the acidic environment of the parietal cell, gets protonated and converted into its active form. The active form will covalently and irreversibly bind to the proton pump, the H+/K+-ATPase, located on the surface of parietal cells. This leads to an inhibition of the transport of hydrogen ions, in exchange for potassium ions, into the gastric lumen and results in an inhibition of gastric acid secretion."	NCIT:C29723
MAXO:0000312	Use of an agent that exerts a physiologic effect on any anatomic entity that is part of the respiratory tract and airways.	NCIT:C78273	An agent that exerts a physiologic effect on any anatomic entity that is part of the respiratory tract and airways.	NCIT:C78273
MAXO:0000624	"An in-depth evaluation of an individual's food and nutrient intake, lifestyle, and medical history designed to help the individual either maintain their health status or attain a healthier status."	NCIT:C15286	"An in-depth evaluation of an individual's food and nutrient intake, lifestyle, and medical history designed to help the individual either maintain their health status or attain a healthier status."	NCIT:C15286
MAXO:0000726	"A procedure, also known as sonohysterography or saline infusion sonography, using a minimally invasive ultrasound technique to view the inside of the uterus. Sterile saline is injected into the endometrial cavity thereby distending the endometrial cavity, providing good visualization of the anatomic structures within."	NCIT:C38066	"A procedure, also known as sonohysterography or saline infusion sonography, using a minimally invasive ultrasound technique to view the inside of the uterus. Sterile saline is injected into the endometrial cavity thereby distending the endometrial cavity, providing good visualization of the anatomic structures within."	NCIT:C38066
MAXO:0000130	A diagnostic or therapeutic procedure in which an endoscope is inserted in a tubular organ to examine the structural architecture and/or remove abnormal tissues.	NCIT:C16546	A diagnostic or therapeutic procedure in which an endoscope is inserted in a tubular organ to examine the structural architecture and/or remove abnormal tissues.	NCIT:C16546
MAXO:0000066	"The administration of oxygen to an individual, usually to aid in respiration."	NCIT:C94624	"The administration of oxygen to an individual, usually to aid in respiration."	NCIT:C94624
MAXO:0000468	A minimally invasive procedure that permits sampling of peritoneal fluid for cytopathologic analysis.	NCIT:C159340	A minimally invasive procedure that permits sampling of peritoneal fluid for cytopathologic analysis.	NCIT:C159340
MAXO:0000543	The determination of the number of eosinophils in a blood sample.	NCIT:C64550	The determination of the number of eosinophils in a blood sample.	NCIT:C64550
MAXO:0000751	"The systematic collection, analysis, and interpretation of health data on an ongoing basis."	NCIT:C15719	"The systematic collection, analysis, and interpretation of health data on an ongoing basis."	NCIT:C15719
MAXO:0000540	An ultrasonic examination of the fetus in the late first trimester to measure the clear space at the back of the fetal neck to assess risk of genetic or cardiac abnormalities.	NCIT:C92837	An ultrasonic examination of the fetus in the late first trimester to measure the clear space at the back of the fetal neck to assess risk of genetic or cardiac abnormalities.	NCIT:C92837
MAXO:0000791	Procedure where the individual examines their own breasts for lumps and other changes. [ NCI ]	NCIT:C70551	Procedure where the individual examines their own breasts for lumps and other changes.	NCIT:C70551
MAXO:0000852	The measurement of the total protein present in a urine sample that was collected over a period of 24 hours.	NCIT:C135567	The measurement of the total protein present in a urine sample that was collected over a period of 24 hours.	NCIT:C135567
MAXO:0000003	Any procedure or test to diagnose a disease or disorder.	NCIT:C18020	Any procedure or test to diagnose a disease or disorder.	NCIT:C18020
MAXO:0000602	"A therapeutic procedure used in patients with kidney failure. It involves the extracorporeal removal of harmful wastes and fluids from the blood using a dialysis machine. Following the dialysis, the blood is returned to the body."	NCIT:C15248	"A therapeutic procedure used in patients with kidney failure.  It involves the extracorporeal removal of harmful wastes and fluids from the blood using a dialysis machine.  Following the dialysis, the blood is returned to the body."	NCIT:C15248
MAXO:0000546	The determination of the number of lymphocytes in a blood sample.	NCIT:C51949	The determination of the number of lymphocytes in a blood sample.	NCIT:C51949
MAXO:0000825	The determination of the number of reticulocytes in a blood sample. [ NCI ]	NCIT:C51947	The determination of the number of reticulocytes in a blood sample.	NCIT:C51947
MAXO:0000011	"The treatment of deformity or disease through mechanical force and movement, including both active and passive exercises, intended to ameliorate injury, increase mobility, and improve overall function."	NCIT:C15302	"The treatment of deformity or disease through mechanical force and movement, including both active and passive exercises, intended to ameliorate injury, increase mobility, and improve overall function."	NCIT:C15302
MAXO:0000439	Treatment with a medication that increases the extracellular level of the neurotransmitter serotonin (5-HT) by inhibiting its reuptake into the presynaptic cell.	NCIT:C94725	Any agent that increases the extracellular level of the neurotransmitter serotonin (5-HT) by inhibiting its reuptake into the presynaptic cell. Increased level in the synaptic cleft prolongs the action of 5-HT on the postsynaptic receptor. This type of agent is typically used as an antidepressant and in the treatment of anxiety disorders and some personality disorders. They are also typically effective and used in treating some cases of insomnia.	NCIT:C94725
MAXO:0000858	"A test that involves administration of a know quantity of glucose as a means of screening for glucose intolerance or diabetes mellitus. Typically a baseline (fasting plasma or serum glucose) is drawn prior to the administration of the glucose bolus. Serial plasma glucose levels are obtained (e.g. 30min, 1hr, 2hr, 3hr) and a plot of plasma glucose versus time is created. Comparison of these values against standardized results can be used in establishing the diagnosis of glucose intolerance or diabetes mellitus."	NCIT:C45946	"A test that involves administration of a know quantity of glucose as a means of screening for glucose intolerance or diabetes mellitus. Typically a baseline (fasting plasma or serum glucose) is drawn prior to the administration of the glucose bolus.  Serial plasma glucose levels are obtained (e.g. 30min, 1hr, 2hr, 3hr) and a plot of plasma glucose versus time is created.  Comparison of these values against standardized results can be used in establishing the diagnosis of glucose intolerance or diabetes mellitus."	NCIT:C45946
MAXO:0001017	Inoculating an individual with either killed or live agents to prevent contraction of a disease.	NCIT:C15258	Inoculating an individual with either killed or live agents to prevent contraction of a disease.	NCIT:C15258
MAXO:0000424	"Imaging that uses radiofrequency waves and a strong magnetic field rather than x-rays to provide amazingly clear and detailed pictures of internal organs and tissues. The technique is valuable for the diagnosis of many pathologic conditions, including cancer, heart and vascular disease, stroke, and joint and musculoskeletal disorders."	NCIT:C16809	"Imaging that uses radiofrequency waves and a strong magnetic field rather than x-rays to provide amazingly clear and detailed pictures of internal organs and tissues. The technique is valuable for the diagnosis of many pathologic conditions, including cancer, heart and vascular disease, stroke, and joint and musculoskeletal disorders."	NCIT:C16809
MAXO:0001000	A type of MRI that takes a series of images of an organ in quick succession and statistically analyzes the differences between the images.	NCIT:C17958	The principle of functional MRI imaging is to take a series of images of an organ in quick succession and to statistically analyze the images for differences among them.  Most commonly used in studies of brain function.	NCIT:C17958
MAXO:0000544	The determination of the amount of granulocytes present in a sample.	NCIT:C96654	The determination of the amount of granulocytes present in a sample.	NCIT:C96654
MAXO:0000460	Washing out a hollow organ by flushing with a fluid.	NCIT:C38068	Washing out a hollow organ (especially the stomach) by flushing with a fluid.	NCIT:C38068
MAXO:0000585	Any laboratory procedure for growing microorganisms.	NCIT:C25300	Any laboratory procedure for growing microorganisms.	NCIT:C25300
MAXO:0000015	A type of treatment that uses substances derived from or made by living organisms to treat disease; this includes both naturally occurring and synthetic products.	NCIT:C15187	A type of treatment that uses substances derived from or made by living organisms to treat disease; this includes both naturally occurring and synthetic products.	NCIT:C15187
MAXO:0000748	"The transplantation of fecal bacteria, via enema, colonoscopy, or other method, from a healthy individual to a recipient."	NCIT:C118643	"The transplantation of fecal bacteria, via enema, colonoscopy, or other method, from a healthy individual to a recipient."	NCIT:C118643
MAXO:0000754	"The determination of the amount of degree, quality or condition of cells present in a sample."	NCIT:C111153	"The determination of the amount of degree, quality or condition of cells present in a sample."	NCIT:C111153
MAXO:0000113	Administration of nutritional support by means of a tube passed into the stomach.	NCIT:C73430	Administration of nutritional support by means of a tube passed into the stomach.	NCIT:C73430
MAXO:0000137	"A technique for measuring the gamma radiation produced by collisions of electrons and positrons (anti-electrons) within living tissue. In positron emission tomography (PET), a subject is given a dose of a positron-emitting radionuclide attached to a metabolically active substance (for example, 2-fluoro-2-deoxy-D-glucose (FDG), which is similar to a naturally occurring sugar, glucose, with the addition of a radioactive fluorine atom). When living tissue containing the positron emitter is bombarded by electrons, gamma radiation produced by collisions of electrons and positrons is detected by a scanner, revealing in fine detail the tissue location of the metabolically-active substance administered."	NCIT:C17007	"A technique for measuring the gamma radiation produced by collisions of electrons and positrons (anti-electrons) within living tissue. In positron emission tomography (PET), a subject is given a dose of a positron-emitting radionuclide attached to a metabolically active substance (for example, 2-fluoro-2-deoxy-D-glucose (FDG), which is similar to a naturally occurring sugar, glucose, with the addition of a radioactive fluorine atom). When living tissue containing the positron emitter is bombarded by electrons, gamma radiation produced by collisions of electrons and positrons is detected by a scanner, revealing in fine detail the tissue location of the metabolically-active substance administered."	NCIT:C17007
MAXO:0000534	A prenatal diagnostic procedure in which a small sample of amniotic fluid is removed from the uterus by a needle inserted into the abdomen. This procedure is used to detect various genetic abnormalities in the fetus and/or the sex of the fetus.	NCIT:C52009	A prenatal diagnostic procedure in which a small sample of amniotic fluid is removed from the uterus by a needle inserted into the abdomen. This procedure is used to detect various genetic abnormalities in the fetus and/or the sex of the fetus.	NCIT:C52009
MAXO:0000451	A surgical procedure that places something in the human body.	NCIT:C51982	A surgical procedure that places something in the human body.	NCIT:C51982
MAXO:0000860	A series of maneuvers to determine the position and presenting part of the fetus with respect to the maternal pelvic canal in preparation for labor and the birth process.	NCIT:C92737	A series of maneuvers to determine the position and presenting part of the fetus with respect to the maternal pelvic canal in preparation for labor and the birth process.	NCIT:C92737
MAXO:0000117	The prevention of conception or impregnation by the use of devices or drugs or surgery.	NCIT:C37932	The prevention of conception or impregnation by the use of devices or drugs or surgery.	NCIT:C37932
MAXO:0000862	An prenatal ultrasonographic method that measures blood flow velocity through either maternal or fetal vessels.	NCIT:C114080	An antenatal ultrasonographic method that measures blood flow velocity through either maternal or fetal vessels.	NCIT:C114080
MAXO:0000081	"A process by which a health professional provides education, recommendations, or interventions to help clients stop using tobacco products."	NCIT:C101244	"A process by which a health professional provides education, recommendations, or interventions to help clients stop using tobacco products. (ACC)"	NCIT:C101244
MAXO:0000574	The process of gathering information regarding a person's medical history.	NCIT:C146918	The process of gathering information regarding a person's medical history.	NCIT:C146918
MAXO:0000610	"A highly sensitive technique for detecting and measuring antigens or antibodies in a solution; the solution is run over a surface to which immobilized antibodies specific to the substance have been attached, and if the substance is present, it will bind to the antibody layer, and its presence is verified and visualized with an application of antibodies that have been tagged in some way."	NCIT:C16553	"A highly sensitive technique for detecting and measuring antigens or antibodies in a solution; the solution is run over a surface to which immobilized antibodies specific to the substance have been attached, and if the substance is present, it will bind to the antibody layer, and its presence is verified and visualized with an application of antibodies that have been tagged in some way. (BioTech Life Science Dictionary)"	NCIT:C16553
MAXO:0000845	"The measurement of the total amount of bilirubin present in a particular substrate. The substrate most often tested is blood, but other fluids extracted from the body may be used periodically depending on the purpose of the test."	NCIT:C38037	"The measurement of the total amount of bilirubin present in a particular substrate. The substrate most often tested is blood, but other fluids extracted from the body may be used periodically depending on the purpose of the test."	NCIT:C38037
MAXO:0000603	A form of dialysis that uses the peritoneum as a membrane across which the infused dialysate exchanges nutrients for waste products that are removed when the fluid is exchanged.	NCIT:C15297	A form of dialysis that uses the peritoneum as a membrane across which the infused diasylate exchanges nutrients for waste products that are removed when the fluid is exchanged.	NCIT:C15297
MAXO:0000429	Radiation therapy in which high-energy beams are delivered to the tumor from outside of the body.	NCIT:C15751	Radiation therapy in which high-energy beams are delivered to the tumor from outside of the body.	NCIT:C15751
MAXO:0000620	"A procedure of surgical placement of a catheter, which lumen is usually occupied by a trocar, into the central vein (internal jugular, subclavian, and femoral often used) or veins, to provide vascular access for measurement of hemodynamic variables that cannot be measured accurately by noninvasive means. It also can be used to deliver medications that were too potent or too toxic to be administered through peripheral access, for parenteral nutrition delivery; and for placing wires and pulmonary artery catheters. Central veins are usually cannulated percutaneously. The procedure is associated with many adverse events and has to be performed or supervised by an experienced physician."	NCIT:C40972	"A procedure of surgical placement of a catheter, which lumen is usually occupied by a trocar, into the central vein (internal jugular, subclavian, and femoral often used) or veins, to provide vascular access for measurement of hemodynamic variables that cannot be measured accurately by noninvasive means.  It also can be used to deliver medications that were too potent or too toxic to be administered through peripheral access, for parenteral nutrition delivery; and for placing wires and pulmonary artery catheters. Central veins are usually cannulated percutaneously. The procedure is associated with many adverse events and has to be performed or supervised by an experienced physician."	NCIT:C40972
MAXO:0000580	The determination of the unmeasured anions (those other than the chloride and bicarbonate anions) present in a sample.	NCIT:C74685	The determination of the unmeasured anions (those other than the chloride and bicarbonate anions) present in a sample.	NCIT:C74685
MAXO:0000142	"Examination under a microscope of cells found in sputum (mucus and other matter brought up from the lungs by coughing). The test checks for abnormal cells, such as lung cancer cells."	NCIT:C16192	A diagnostic technique for lung cancer detection.  Looks for abnormal cell cytology in sputum.	NCIT:C16192
MAXO:0000606	The determination of the amount of the procalcitonin in a sample.	NCIT:C103430	The determination of the amount of the procalcitonin in a sample.	NCIT:C103430
MAXO:0000233	"Treatment of cancer that utilizes antimetabolite substances to disrupt DNA, RNA, or protein synthesis."	NCIT:C15183	"Treatment of cancer that utilizes antimetabolite substances to disrupt DNA, RNA, or protein synthesis."	NCIT:C15183
MAXO:0000259	"A synthetic or animal-derived form of insulin used in the treatment of diabetes mellitus. Therapeutic insulin is formulated to be short-, intermediate- and long-acting in order to individualize an insulin regimen according to individual differences in glucose and insulin metabolism. Therapeutic insulin may be derived from porcine, bovine or recombinant sources. Endogenous human insulin, a pancreatic hormone composed of two polypeptide chains, is important for the normal metabolism of carbohydrates, proteins and fats and has anabolic effects on many types of tissues."	NCIT:C581	"A synthetic or animal-derived form of insulin used in the treatment of diabetes mellitus. Therapeutic insulin is formulated to be short-, intermediate- and long-acting in order to individualize an insulin regimen according to individual differences in glucose and insulin metabolism. Therapeutic insulin may be derived from porcine, bovine or recombinant sources. Endogenous human insulin, a pancreatic hormone composed of two polypeptide chains, is important for the normal metabolism of carbohydrates, proteins and fats and has anabolic effects on many types of tissues."	NCIT:C581
MAXO:0000828	The determination of the saturation of iron binding sites on serum transferrin proteins. [ NCI ]	NCIT:C74718	The determination of the saturation of iron binding sites on serum transferrin proteins.	NCIT:C74718
MAXO:0000077	The act of receiving professional guidance in resolving personal conflicts and emotional problems.	NCIT:C61547	The act of receiving professional guidance in resolving personal conflicts and emotional problems.	NCIT:C61547
MAXO:0000569	"A quantitative measurement of the amount of glucose present in a sample of blood, obtained from a source that has abstained from nutrition, typically at least 8 hours prior to the sample collection time."	NCIT:C80400	"A quantitative measurement of the amount of glucose present in a sample of blood, obtained from a source that has abstained from nutrition, typically at least 8 hours prior to the sample collection time."	NCIT:C80400
MAXO:0000535	"Procedure using suction, usually with a thin needle and syringe, to remove bodily fluid or tissue."	NCIT:C15631	"Procedure using suction, usually with a thin needle and syringe, to remove bodily fluid or tissue."	NCIT:C15631
MAXO:0000440	"Treatment with colony-stimulating factors (CSF) can help the blood-forming tissue recover from the effects of chemotherapy and radiation therapy. These factors include interleukin-3 (IL-3), granulocyte colony-stimulating factor (G-CSF), macrophage colony-stimulating factor (M-CSF), and granulocyte-macrophage colony-stimulating factor (GM-CSF)."	NCIT:C387	"Glycoprotein growth factors produced by monocytes, macrophages, or activated lymphocytes that stimulate the proliferation of bone marrow cells and differentiation of stem cells into colonies of granulocytes, monocytes, or macrophages.  These substances act in either paracrine or autocrine fashion on marrow cells, appear to act synergistically in complex and poorly understood ways.  Each appears to exert actions on several lines of progenitor cells and to influence end cell function.  Treatment with colony-stimulating factors (CSF) can help the blood-forming tissue recover from the effects of chemotherapy and radiation therapy.  These factors include interleukin-3 (IL-3), granulocyte colony-stimulating factor (G-CSF), macrophage colony-stimulating factor (M-CSF), and granulocyte-macrophage colony-stimulating factor (GM-CSF)."	NCIT:C387
MAXO:0000005	"Any technology or method that aids in the visualization of any biological process, cell, tissue or organ for use in screening, diagnosis, surgical procedures or therapy."	NCIT:C17369	"Any technology or method that aids in the visualization of any biological process, cell, tissue or organ for use in screening, diagnosis, surgical procedures or therapy."	NCIT:C17369
MAXO:0000727	An invasive procedure in which sound waves (called ultrasound) are bounced off of vascular tissues from within the vessel and the echoes produce a picture (sonogram).	NCIT:C99535	An invasive procedure in which sound waves (called ultrasound) are bounced off of vascular tissues from within the vessel and the echoes produce a picture (sonogram).	NCIT:C99535
MAXO:0000573	"Treatment of retroviral infections with medications that target the virus directly, limiting the ability of infected cells to produce new virus particles."	NCIT:C94631	"Treatment of retroviral infections with medications that target the virus directly, limiting the ability of infected cells to produce new virus particles."	NCIT:C94631
MAXO:0001010	A test to determine the number of leukocytes in a sample of blood.	NCIT:C51948	A test to determine the number of leukocytes in a sample of blood.	NCIT:C51948
MAXO:0000083	The practice of piercing specific points on the body with very thin sterile needles in order to relieve pain or induce regional anesthesia.	NCIT:C15176	The practice of piercing specific points on the body with very thin sterile needles in order to relieve pain or induce regional anesthesia.	NCIT:C15176
MAXO:0000124	"The use of any device, marker, or other means for the purpose of detecting the presence of disease, usually in asymptomatic individuals."	NCIT:C15419	"The use of any device, marker, or other means for the purpose of detecting the presence of disease, usually in asymptomatic individuals."	NCIT:C15419
MAXO:0000617	A non-invasive method that provides estimates of arterial oxyhemoglobin saturation by utilizing selected wavelengths of light to determine the saturation of oxyhemoglobin.	NCIT:C38085	A non-invasive method that provides estimates of arterial oxyhemoglobin saturation by utilizing selected wavelengths of light to determine the saturation of oxyhemoglobin.	NCIT:C38085
MAXO:0000788	A quantitative measurement of a particular substance present in a sample of serum. [ NCI ]	NCIT:C61014	A quantitative measurement of a particular substance present in a sample of serum.	NCIT:C61014
MAXO:0000086	"An alternative medical system that focuses on the relationship between bodily structure (primarily that of the spine) and function, and how that relationship affects the preservation and restoration of health. Chiropractors use manipulative therapy as an integral treatment tool."	NCIT:C15204	"An alternative medical system that focuses on the relationship between bodily structure (primarily that of the spine) and function, and how that relationship affects the preservation and restoration of health. Chiropractors use manipulative therapy as an integral treatment tool."	NCIT:C15204
MAXO:0000164	"Substance that may reduce inflammation, stimulate elimination of uric acid, or increase production of uric acid."	NCIT:C29733	"Pharmaceutical Anti-gout Preparations such as colchicine, allopurinol, probenecid, and sulfinpyrazone contain natural or synthetic agents against gout, a condition characterized by increased uric acid accumulation. Anti-gout agents may reduce inflammation, stimulate elimination of uric acid, or increase production of uric acid. (NCI04)"	NCIT:C29733
MAXO:0000031	Any medical procedure used to sustain the life of a patient in critical condition.	NCIT:C95171	Any medical procedure used to sustain the life of a patient in critical condition.	NCIT:C95171
MAXO:0000830	An examination or assessment of the form and structure of red blood cells. [ NCI ]	NCIT:C92296	An examination or assessment of the form and structure of red blood cells.	NCIT:C92296
MAXO:0000853	A quantitative measurement of the amount of total protein present in serum.	NCIT:C61033	A quantitative measurement of the total amount of protein present in a sample of serum.	NCIT:C61033
MAXO:0000489	"The act of assessing an individual's current temperature, heart rate, respiratory rate, pulse oxygenation, and blood pressure."	NCIT:C49672	"The act of assessing an individual's current temperature, heart rate, respiratory rate, pulse oxygenation, and blood pressure."	NCIT:C49672
MAXO:0000605	A term that refers to a chemistry test measuring a specific protein or enzyme in the peripheral blood or body fluid.	NCIT:C64430	A term that refers to a chemistry test measuring a specific protein or enzyme in the peripheral blood or body fluid.	NCIT:C64430
MAXO:0000139	A postmortem examination of the body that includes an examination of the internal organs and structures after dissection to determine the cause of death and the nature of pathological changes.	NCIT:C25153	A postmortem examination of the body that includes an examination of the internal organs and structures after dissection to determine the cause of death and the nature of pathological changes.	NCIT:C25153
MAXO:0000430	"A type of radiation therapy in which radioactive material is placed inside the body, into a tumor or body cavity."	NCIT:C15195	"A type of radiation therapy in which radioactive material is placed inside the body, into a tumor or body cavity."	NCIT:C15195
MAXO:0000789	A quantitative measurement of a particular substance present in a sample of urine. [ NCI ]	NCIT:C61044	A quantitative measurement of a particular substance present in a sample of urine.	NCIT:C61044
MAXO:0000608	A quantitative measurement of the amount of phosphate present in a sample of serum.	NCIT:C61028	A quantitative measurement of the amount of phosphate present in a sample of serum.	NCIT:C61028
MAXO:0000087	"A therapeutic method of manipulation, methodical pressure, friction, and kneading of the body."	NCIT:C15276	"A therapeutic method of manipulation, methodical pressure, friction, and kneading of the body. (from Taber's)"	NCIT:C15276
MAXO:0000615	A technique for analyzing or identifying proteins immobilized on a filter by complementary reaction with specific antibodies.	NCIT:C17638	A technique for analyzing or identifying proteins immobilized on a filter by complementary reaction with specific antibodies.	NCIT:C17638
MAXO:0000230	"An antineoplastic agent that replaces hydrogen atom(s) in nucleophilic moieties with alky radical(s), hindering proper function. Alkylating agents exhibit cytotoxic effects through the alkylation of DNA, resulting in strand cross-linking, ultimately inhibiting DNA replication and cancer cell growth."	NCIT:C1590	"An antineoplastic agent that replaces hydrogen atom(s) in nucleophilic moieties with alky radical(s), hindering proper function. Alkylating agents exhibit cytotoxic effects through the alkylation of DNA, resulting in strand cross-linking, ultimately inhibiting DNA replication and cancer cell growth."	NCIT:C1590
MAXO:0000798	A technique that utilizes a wire attached to the fetal scalp to monitor fetal heart rate. The wire detects fetal cardiac electrical activity to determine the baseline fetal heart rate and variability. [ NICHD NCI ]	NCIT:C114083	A technique that utilizes a wire attached to the fetal scalp to monitor fetal heart rate. The wire detects fetal cardiac electrical activity to determine the baseline fetal heart rate and variability.	NCIT:C114083
MAXO:0000729	"A procedure that uses sound waves to create a video image of the pelvic organs and tissues. A small, lubricated probe placed into the rectum releases sound waves, which create echoes as they enter a pelvic organ. The echoes that bounce back are sent to a computer that translates the pattern of echoes into a picture of the specific organ under examination. This procedure is most often used to evaluate the prostate gland."	NCIT:C18315	"A procedure that uses sound waves to create a video image of the pelvic organs and tissues. A small, lubricated probe placed into the rectum releases sound waves, which create echoes as they enter a pelvic organ. The echoes that bounce back are sent to a computer that translates the pattern of echoes into a picture of the specific organ under examination.  This procedure is most often used to evaluate the prostate gland."	NCIT:C18315
MAXO:0000127	The process of isolating and testing the DNA of an embryo or a person to detect the presence of genetic alterations or defects that may predispose to the future development of a disease or disorder.	NCIT:C15709	The process of isolating and testing the DNA of an embryo or a person to detect the presence of genetic alterations or defects that may predispose to the future development of a disease or disorder.	NCIT:C15709
MAXO:0000084	Continuous and profound contemplation or musing on a subject or series of subjects of a deep or abstruse nature; contemplation of spiritual matters.	NCIT:C51975	Continuous and profound contemplation or musing on a subject or series of subjects of a deep or abstruse nature; contemplation of spiritual matters	NCIT:C51975
MAXO:0000078	Counseling designed to guide and support an individual to overcome alcohol dependence.	NCIT:C150658	Counseling designed to guide and support an individual to overcome alcohol dependence.	NCIT:C150658
MAXO:0000616	The measurement of the ratio of oxygenated hemoglobin to total hemoglobin in the blood.	NCIT:C60832	The measurement of the ratio of oxygenated hemoglobin to total hemoglobin in the blood.	NCIT:C60832
MAXO:0000854	The determination of the amount of haptoglobin protein present in a sample.	NCIT:C74740	The determination of the amount of haptoglobin protein present in a sample.	NCIT:C74740
MAXO:0000133	An endoscopic technique that allows deep intubation of the small intestine while using a standard endoscope. An inflatable balloon attached to the endoscope's tip acts as a stabilizer and a second balloon that is advanced ahead of the endoscope acts as a pulling device.	NCIT:C64865	An endoscopic technique that allows deep intubation of the small intestine while using a standard endoscope. An inflatable balloon attached to the endoscope's tip acts as a stabilizer and a second balloon that is advanced ahead of the endoscope acts as a pulling device.	NCIT:C64865
MAXO:0000839	A measurement of the time it takes a plasma sample to clot after adding the active enzyme thrombin. [ NCI ]	NCIT:C80365	A measurement of the time it takes a plasma sample to clot after adding the active enzyme thrombin.	NCIT:C80365
MAXO:0000843	A quantitative measurement of albumin present in a sample.	NCIT:C64431	A quantitative measurement of albumin present in a sample.	NCIT:C64431
MAXO:0000126	"The use of any device, marker, or other means for the purpose of detecting the presence of a tumor, usually before there are any symptoms."	NCIT:C15406	"The use of any device, marker, or other means for the purpose of detecting the presence of a tumor, usually before there are any symptoms."	NCIT:C15406
MAXO:0000065	A medical recommendation of sustained exercise that places an increased oxygen demand on the cardiovascular system and promotes an increased efficiency of the body's use of oxygen.	NCIT:C39774	Sustained exercise that places an increased oxygen demand on the cardiovascular system and promotes an increased efficiency of the body's use of oxygen.	NCIT:C39774
MAXO:0000512	A form of non-invasive mechanical pressure support ventilation that uses a continuous positive airway pressure level to support spontaneous breathing activity.	NCIT:C124040	A form of non-invasive mechanical pressure support ventilation that uses a continuous positive airway pressure level to support spontaneous breathing activity.	NCIT:C124040
MAXO:0000450	A surgical procedure by which tissue or an organ (usually containing a tumor) is removed without rupture from a specific anatomic site.	NCIT:C48601	A surgical procedure by which tissue or an organ (usually containing a tumor) is removed without rupture from a specific anatomic site.	NCIT:C48601
MAXO:0000567	A quantitative measurement for assessing the amount of glucose present in a blood sample.	NCIT:C92744	A quantitative measurement for assessing the amount of glucose present in a blood sample.	NCIT:C92744
MAXO:0000511	A form of non-invasive mechanical pressure support ventilation that uses a time-cycled change of the applied positive airway pressure level to support spontaneous breathing activity.	NCIT:C124039	A form of non-invasive mechanical pressure support ventilation that uses a time-cycled change of the applied positive airway pressure level to support spontaneous breathing activity.	NCIT:C124039
MAXO:0000756	The injection of whole blood or a blood component directly into the bloodstream.	NCIT:C15192	The injection of whole blood or a blood component directly into the bloodstream.	NCIT:C15192
MAXO:0001008	"The determination of the number of platelets in a blood sample, usually expressed as platelets per cubic millimeter (cmm) of whole blood."	NCIT:C51951	"The determination of the number of platelets in a blood sample, usually expressed as platelets per cubic millimeter (cmm) of whole blood."	NCIT:C51951
MAXO:0000079	"The process whereby an expert in hereditary disorders provides information about risk and clinical burden of a disorder or disorders to patients or relatives in families with genetic disorders as an aid to making informed and responsible decisions about marriage, children, early diagnosis, and handling disability."	NCIT:C15240	"The process whereby an expert in hereditary disorders provides information about risk and clinical burden of a disorder or disorders to patients or relatives in families with genetic disorders as an aid to making informed and responsible decisions about marriage, children, early diagnosis, and handling disability."	NCIT:C15240
MAXO:0000538	A test for the presence of fetal fibronectin in the cervico-vaginal area that is used to predict preterm birth.	NCIT:C92786	A test for the presence of fetal fibronectin in the cervico-vaginal area that is used to predict preterm birth.	NCIT:C92786
MAXO:0000004	"A diagnostic or treatment procedure performed by manual and/or instrumental means, often involving an incision and the removal or replacement of a diseased organ or tissue; of or relating to or involving or used in surgery or requiring or amenable to treatment by surgery."	NCIT:C15329	"A diagnostic or treatment procedure performed by manual and/or instrumental means, often involving an incision and the removal or replacement of a diseased organ or tissue; of or relating to or involving or used in surgery or requiring or amenable to treatment by surgery."	NCIT:C15329
MAXO:0000466	A minimally-invasive procedure that permits sampling of breast ductal fluids for cytopathologic analysis.	NCIT:C51969	A minimally-invasive procedure that permits sampling of breast ductal fluids for cytopathologic analysis.	NCIT:C51969
MAXO:0000647	The use of synthetic or naturally-occurring chemicals for the treatment of diseases.	NCIT:C15632	The use of synthetic or naturally-occurring chemicals for the treatment of diseases.	NCIT:C15632
MAXO:0000785	A quantitative measurement of the amount of human chorionic gonadotropin present in a sample of serum.	NCIT:C73495	A quantitative measurement of the amount of human chorionic gonadotropin present in a sample of serum.	NCIT:C73495
MAXO:0000479	"A surgical procedure to treat and correct deformities, diseases, and injuries to the skeletal system, its articulations, and associated structures."	NCIT:C16186	"A surgical procedure to treat and correct deformities, diseases, and injuries to the skeletal system, its articulations, and associated structures."	NCIT:C16186
MAXO:0000149	"A measure of the volume of red blood cells expressed as a percentage of the total blood volume. Normal in males is 43-49%, in females 37-43%."	NCIT:C64796	"A measure of the volume of red blood cells expressed as a percentage of the total blood volume. Normal in males is 43-49%, in females 37-43%."	NCIT:C64796
MAXO:0000453	"Removal, separation, detachment, extirpation, or eradication of a body part, pathway, or function by light amplification by stimulated emission of radiation."	NCIT:C111241	"Removal, separation, detachment, extirpation, or eradication of a body part, pathway, or function by light amplification by stimulated emission of radiation."	NCIT:C111241
MAXO:0000492	"The rate of breathing (inhalation and exhalation) measured within in a unit time, usually expressed as breaths per minute."	NCIT:C49678	"The rate of breathing (inhalation and exhalation) measured within in a unit time, usually expressed as breaths per minute."	NCIT:C49678
MAXO:0000847	The determination of the amount of 5 prime nucleotidase present in a sample.	NCIT:C79437	The determination of the amount of 5 prime nucleotidase present in a sample.	NCIT:C79437
MAXO:0000590	A type of nucleic acid amplification test in which sample DNA is exposed to a single temperature in the presence of multiple sets of primers and a polymerase with replication and high strand displacement activity. This test negates the need for thermal cyclers and may be a low cost alternative to PCR.	NCIT:C102661	A type of nucleic acid amplification test in which sample DNA is exposed to a single temperature in the presence of multiple sets of primers and a polymerase with replication and high strand displacement activity. This test negates the need for thermal cyclers and may be a low cost alternative to PCR.	NCIT:C102661
MAXO:0000014	Treatment of a disease by means of exposure of the target or the whole body to radiation. Radiation therapy is often used as part of curative therapy and occasionally as a component of palliative treatment for cancer. Other uses include total body irradiation prior to transplantation.	NCIT:C15313	Treatment of a disease by means of exposure of the target or the whole body to radiation. Radiation therapy is often used as part of curative therapy and occasionally as a component of palliative treatment for cancer. Other uses include total body irradiation prior to transplantation.	NCIT:C15313
MAXO:0000541	"A screening measurement in which the maternal blood levels of alpha-fetoprotein, unconjugated estriol, human chorionic gonadotrophin and Inhibin A are calculated. These are then evaluated in relation to the mother's age, weight and fetal gestational age."	NCIT:C92865	"A screening measurement in which the maternal blood levels of alpha-fetoprotein, unconjugated estriol, human chorionic gonadotrophin and Inhibin A are calculated. These are then evaluated in relation to the mother's age, weight and fetal gestational age."	NCIT:C92865
MAXO:0000467	Washing out the bronchi and alveoli by flushing with a fluid.	NCIT:C51913	Washing out the bronchi and alveoli by flushing with a fluid.	NCIT:C51913
MAXO:0000744	Treatment with estrogens or estrogen/progesterone after menopause or ovariectomy to prevent pathological effects of decreased estrogen production.	NCIT:C15599	Treatment with estrogens or estrogen/progesterone after menopause or ovariectomy to prevent pathological effects of decreased estrogen production.	NCIT:C15599
MAXO:0000571	A method of examining structures within the body by scanning them with X rays and using a computer to construct a series of cross-sectional scans along a single axis.	NCIT:C17204	A method of examining structures within the body by scanning them with X rays and using a computer to construct a series of cross-sectional scans along a single axis.	NCIT:C17204
MAXO:0000499	Any form of treatment that acts to improve or assist with respiratory function.	NCIT:C15322	Any form of treatment that acts to improve or assist with respiratory function.	NCIT:C15322
MAXO:0000141	"The collecting of secretions and superficial cells of the body of uterus, cervix, and ovaries; examined with a microscope to detect any abnormal cells."	NCIT:C17348	A biospecimen collection and staining procedure in which secretions and superficial cells of the cervix are collected and stained with the Papanicolaou stain followed by microscopic examination to identify the presence of abnormal cells.	NCIT:C17348
MAXO:0000518	"The removal of a previously inserted tube from a hollow organ or passageway, often from the airway."	NCIT:C50819	"The removal of a previously inserted tube from a hollow organ or passageway, often from the airway."	NCIT:C50819
MAXO:0000832	A quantitative measurement of the amount of creatinine present in a sample of serum.	NCIT:C61023	A quantitative measurement of the amount of creatinine present in a sample of serum.	NCIT:C61023
MAXO:0000136	"A low-cost, high-resolution imaging tool consisting of a 1-mm diameter fiber-optic bundle that produces subcellular imaging at 1,000x magnification and 4 micrometer resolution, allowing for minimally invasive bioimaging."	NCIT:C116480	"A low-cost, high-resolution imaging tool consisting of a 1-mm diameter fiber-optic bundle that produces subcellular imaging at 1,000x magnification and 4 micrometer resolution, allowing for minimally invasive bioimaging."	NCIT:C116480
MAXO:0000068	"Transference of a tissue or organ within an individual, between individuals of the same species, or between individuals of different species."	NCIT:C15342	"Transference of a tissue or organ within an individual, between individuals of the same species, or between individuals of different species."	NCIT:C15342
MAXO:0000797	A technique that utilizes a Doppler transducer to monitor fetal heart rate. The transducer is placed on the maternal abdomen and detects fetal cardiac motion using ultrasound. [ NICHD NCI ]	NCIT:C114081	A technique that utilizes a Doppler transducer to monitor fetal heart rate. The transducer is placed on the maternal abdomen and detects fetal cardiac motion using ultrasound.	NCIT:C114081
MAXO:0000757	"Any form of treatment that is introduced into the body via a blood vessel, a muscle, or the spinal cord."	NCIT:C15388	"Any form of treatment that is introduced into the body via a blood vessel, a muscle, or the spinal cord."	NCIT:C15388
MAXO:0000824	A quantitative measurement of the amount of hemoglobin present in a biospecimen. [ NCI ]	NCIT:C64848	A quantitative measurement of the amount of hemoglobin present in a sample.	NCIT:C64848
MAXO:0000090	"Delivery of enteral nutrition via a tube placed into the stomach, duodenum, or jejunum."	NCIT:C93322	"Delivery of enteral nutrition via a tube placed into the stomach, duodenum, or jejunum."	NCIT:C93322
MAXO:0000787	The determination of the measured concentrations of chemical constituents of the blood by assay in a clinical laboratory. [ NCI ]	NCIT:C47868	The determination of the measured concentrations of chemical constituents of the blood by assay in a clinical laboratory.	NCIT:C47868
MAXO:0000134	"Endoscopy that employs the use of tissue stains to increase tissue contrast, and enhance the ability to identify various tissue dysplasia and other abnormalities."	NCIT:C116476	"Endoscopy that employs the use of tissue stains to increase tissue contrast, and enhance the ability to identify various tissue dysplasia and other abnormalities."	NCIT:C116476
MAXO:0000749	The removal of T-cells from the donor's hematopoietic stem cell specimen prior to its transfusion into the recipient.	NCIT:C116468	The removal of T-cells from the donor's hematopoietic stem cell specimen prior to its transfusion into the recipient.	NCIT:C116468
MAXO:0000144	Technique or procedure used for the study of the microanatomy of tissues and their cellular structure for the diagnosis or treatment of a disease.	NCIT:C16680	Technique or procedure used for the study of the microanatomy of tissues and their cellular structure; usually involves microscopic examination of tissue slices.	NCIT:C16680
MAXO:0000604	A laboratory procedure that tests the function of an endocrine organ and measures the amount of a hormone present in a sample.	NCIT:C74971	A laboratory procedure that tests the function of an endocrine organ and measures the amount of a hormone present in a sample.	NCIT:C74971
