Level	Rule Name	Subject	Property	Value
ERROR	duplicate_label_synonym	MAXO:0035037	oboInOwl:hasExactSynonym	gastroscopy
WARN	missing_superclass	MAXO:0000019	rdfs:subClassOf	
WARN	missing_superclass	MAXO:0000034	rdfs:subClassOf	
WARN	missing_superclass	MAXO:0000058	rdfs:subClassOf	
WARN	missing_superclass	MAXO:0000075	rdfs:subClassOf	
WARN	missing_superclass	MAXO:0000107	rdfs:subClassOf	
WARN	missing_superclass	MAXO:0000108	rdfs:subClassOf	
WARN	missing_superclass	MAXO:0000109	rdfs:subClassOf	
WARN	missing_superclass	MAXO:0000112	rdfs:subClassOf	
WARN	missing_superclass	MAXO:0000131	rdfs:subClassOf	
WARN	missing_superclass	MAXO:0000173	rdfs:subClassOf	
WARN	missing_superclass	MAXO:0000326	rdfs:subClassOf	
WARN	missing_superclass	MAXO:0000327	rdfs:subClassOf	
WARN	missing_superclass	MAXO:0000328	rdfs:subClassOf	
WARN	missing_superclass	MAXO:0000329	rdfs:subClassOf	
WARN	missing_superclass	MAXO:0000330	rdfs:subClassOf	
WARN	missing_superclass	MAXO:0000331	rdfs:subClassOf	
WARN	missing_superclass	MAXO:0000332	rdfs:subClassOf	
WARN	missing_superclass	MAXO:0000333	rdfs:subClassOf	
WARN	missing_superclass	MAXO:0000334	rdfs:subClassOf	
WARN	missing_superclass	MAXO:0000335	rdfs:subClassOf	
WARN	missing_superclass	MAXO:0000336	rdfs:subClassOf	
WARN	missing_superclass	MAXO:0000337	rdfs:subClassOf	
WARN	missing_superclass	MAXO:0000338	rdfs:subClassOf	
WARN	missing_superclass	MAXO:0000339	rdfs:subClassOf	
WARN	missing_superclass	MAXO:0000340	rdfs:subClassOf	
WARN	missing_superclass	MAXO:0000341	rdfs:subClassOf	
WARN	missing_superclass	MAXO:0000342	rdfs:subClassOf	
WARN	missing_superclass	MAXO:0000343	rdfs:subClassOf	
WARN	missing_superclass	MAXO:0000344	rdfs:subClassOf	
WARN	missing_superclass	MAXO:0000345	rdfs:subClassOf	
WARN	missing_superclass	MAXO:0000346	rdfs:subClassOf	
WARN	missing_superclass	MAXO:0000347	rdfs:subClassOf	
WARN	missing_superclass	MAXO:0000348	rdfs:subClassOf	
WARN	missing_superclass	MAXO:0000349	rdfs:subClassOf	
WARN	missing_superclass	MAXO:0000350	rdfs:subClassOf	
WARN	missing_superclass	MAXO:0000351	rdfs:subClassOf	
WARN	missing_superclass	MAXO:0000352	rdfs:subClassOf	
WARN	missing_superclass	MAXO:0000353	rdfs:subClassOf	
WARN	missing_superclass	MAXO:0000354	rdfs:subClassOf	
WARN	missing_superclass	MAXO:0000355	rdfs:subClassOf	
WARN	missing_superclass	MAXO:0000356	rdfs:subClassOf	
WARN	missing_superclass	MAXO:0000357	rdfs:subClassOf	
WARN	missing_superclass	MAXO:0000358	rdfs:subClassOf	
WARN	missing_superclass	MAXO:0000359	rdfs:subClassOf	
WARN	missing_superclass	MAXO:0000360	rdfs:subClassOf	
WARN	missing_superclass	MAXO:0000361	rdfs:subClassOf	
WARN	missing_superclass	MAXO:0000362	rdfs:subClassOf	
WARN	missing_superclass	MAXO:0000363	rdfs:subClassOf	
WARN	missing_superclass	MAXO:0000364	rdfs:subClassOf	
WARN	missing_superclass	MAXO:0000365	rdfs:subClassOf	
WARN	missing_superclass	MAXO:0000366	rdfs:subClassOf	
WARN	missing_superclass	MAXO:0000367	rdfs:subClassOf	
WARN	missing_superclass	MAXO:0000368	rdfs:subClassOf	
WARN	missing_superclass	MAXO:0000369	rdfs:subClassOf	
WARN	missing_superclass	MAXO:0000370	rdfs:subClassOf	
WARN	missing_superclass	MAXO:0000371	rdfs:subClassOf	
WARN	missing_superclass	MAXO:0000372	rdfs:subClassOf	
WARN	missing_superclass	MAXO:0000373	rdfs:subClassOf	
WARN	missing_superclass	MAXO:0000374	rdfs:subClassOf	
WARN	missing_superclass	MAXO:0000375	rdfs:subClassOf	
WARN	missing_superclass	MAXO:0000376	rdfs:subClassOf	
WARN	missing_superclass	MAXO:0000377	rdfs:subClassOf	
WARN	missing_superclass	MAXO:0000378	rdfs:subClassOf	
WARN	missing_superclass	MAXO:0000379	rdfs:subClassOf	
WARN	missing_superclass	MAXO:0000380	rdfs:subClassOf	
WARN	missing_superclass	MAXO:0000381	rdfs:subClassOf	
WARN	missing_superclass	MAXO:0000382	rdfs:subClassOf	
WARN	missing_superclass	MAXO:0000383	rdfs:subClassOf	
WARN	missing_superclass	MAXO:0000384	rdfs:subClassOf	
WARN	missing_superclass	MAXO:0000385	rdfs:subClassOf	
WARN	missing_superclass	MAXO:0000387	rdfs:subClassOf	
WARN	missing_superclass	MAXO:0000388	rdfs:subClassOf	
WARN	missing_superclass	MAXO:0000389	rdfs:subClassOf	
WARN	missing_superclass	MAXO:0000390	rdfs:subClassOf	
WARN	missing_superclass	MAXO:0000391	rdfs:subClassOf	
WARN	missing_superclass	MAXO:0000392	rdfs:subClassOf	
WARN	missing_superclass	MAXO:0000393	rdfs:subClassOf	
WARN	missing_superclass	MAXO:0000394	rdfs:subClassOf	
WARN	missing_superclass	MAXO:0000395	rdfs:subClassOf	
WARN	missing_superclass	MAXO:0000396	rdfs:subClassOf	
WARN	missing_superclass	MAXO:0000397	rdfs:subClassOf	
WARN	missing_superclass	MAXO:0000398	rdfs:subClassOf	
WARN	missing_superclass	MAXO:0000399	rdfs:subClassOf	
WARN	missing_superclass	MAXO:0000400	rdfs:subClassOf	
WARN	missing_superclass	MAXO:0000401	rdfs:subClassOf	
WARN	missing_superclass	MAXO:0000402	rdfs:subClassOf	
WARN	missing_superclass	MAXO:0000403	rdfs:subClassOf	
WARN	missing_superclass	MAXO:0000404	rdfs:subClassOf	
WARN	missing_superclass	MAXO:0000405	rdfs:subClassOf	
WARN	missing_superclass	MAXO:0000406	rdfs:subClassOf	
WARN	missing_superclass	MAXO:0000407	rdfs:subClassOf	
WARN	missing_superclass	MAXO:0000408	rdfs:subClassOf	
WARN	missing_superclass	MAXO:0000409	rdfs:subClassOf	
WARN	missing_superclass	MAXO:0000410	rdfs:subClassOf	
WARN	missing_superclass	MAXO:0000411	rdfs:subClassOf	
WARN	missing_superclass	MAXO:0000412	rdfs:subClassOf	
WARN	missing_superclass	MAXO:0000413	rdfs:subClassOf	
WARN	missing_superclass	MAXO:0000414	rdfs:subClassOf	
WARN	missing_superclass	MAXO:0000415	rdfs:subClassOf	
WARN	missing_superclass	MAXO:0000416	rdfs:subClassOf	
WARN	missing_superclass	MAXO:0000417	rdfs:subClassOf	
WARN	missing_superclass	MAXO:0000418	rdfs:subClassOf	
WARN	missing_superclass	MAXO:0000419	rdfs:subClassOf	
WARN	missing_superclass	MAXO:0000420	rdfs:subClassOf	
WARN	missing_superclass	MAXO:0000421	rdfs:subClassOf	
WARN	missing_superclass	MAXO:0000422	rdfs:subClassOf	
WARN	missing_superclass	MAXO:0000423	rdfs:subClassOf	
WARN	missing_superclass	MAXO:0000425	rdfs:subClassOf	
WARN	missing_superclass	MAXO:0000426	rdfs:subClassOf	
WARN	missing_superclass	MAXO:0000428	rdfs:subClassOf	
WARN	missing_superclass	MAXO:0000431	rdfs:subClassOf	
WARN	missing_superclass	MAXO:0000493	rdfs:subClassOf	
WARN	missing_superclass	MAXO:0000499	rdfs:subClassOf	
WARN	missing_superclass	MAXO:0000543	rdfs:subClassOf	
WARN	missing_superclass	MAXO:0000544	rdfs:subClassOf	
WARN	missing_superclass	MAXO:0000545	rdfs:subClassOf	
WARN	missing_superclass	MAXO:0000546	rdfs:subClassOf	
WARN	missing_superclass	MAXO:0000606	rdfs:subClassOf	
WARN	missing_superclass	MAXO:0000607	rdfs:subClassOf	
WARN	missing_superclass	MAXO:0000642	rdfs:subClassOf	
WARN	missing_superclass	MAXO:0000645	rdfs:subClassOf	
WARN	missing_superclass	MAXO:0000760	rdfs:subClassOf	
WARN	missing_superclass	MAXO:0000761	rdfs:subClassOf	
WARN	missing_superclass	MAXO:0000792	rdfs:subClassOf	
WARN	missing_superclass	MAXO:0000825	rdfs:subClassOf	
WARN	missing_superclass	MAXO:0000843	rdfs:subClassOf	
WARN	missing_superclass	MAXO:0000844	rdfs:subClassOf	
WARN	missing_superclass	MAXO:0000847	rdfs:subClassOf	
WARN	missing_superclass	MAXO:0000854	rdfs:subClassOf	
WARN	missing_superclass	MAXO:0000967	rdfs:subClassOf	
WARN	missing_superclass	MAXO:0000990	rdfs:subClassOf	
WARN	missing_superclass	MAXO:0001007	rdfs:subClassOf	
WARN	missing_superclass	MAXO:0001008	rdfs:subClassOf	
WARN	missing_superclass	MAXO:0001009	rdfs:subClassOf	
WARN	missing_superclass	MAXO:0001010	rdfs:subClassOf	
WARN	missing_superclass	MAXO:0001029	rdfs:subClassOf	
WARN	missing_superclass	MAXO:0001030	rdfs:subClassOf	
WARN	missing_superclass	MAXO:0001031	rdfs:subClassOf	
WARN	missing_superclass	MAXO:0001032	rdfs:subClassOf	
WARN	missing_superclass	MAXO:0001033	rdfs:subClassOf	
WARN	missing_superclass	MAXO:0001034	rdfs:subClassOf	
WARN	missing_superclass	MAXO:0001035	rdfs:subClassOf	
WARN	missing_superclass	MAXO:0001036	rdfs:subClassOf	
WARN	missing_superclass	MAXO:0001037	rdfs:subClassOf	
WARN	missing_superclass	MAXO:0001038	rdfs:subClassOf	
WARN	missing_superclass	MAXO:0001039	rdfs:subClassOf	
WARN	missing_superclass	MAXO:0001040	rdfs:subClassOf	
WARN	missing_superclass	MAXO:0001041	rdfs:subClassOf	
WARN	missing_superclass	MAXO:0001042	rdfs:subClassOf	
WARN	missing_superclass	MAXO:0001043	rdfs:subClassOf	
WARN	missing_superclass	MAXO:0001044	rdfs:subClassOf	
WARN	missing_superclass	MAXO:0001045	rdfs:subClassOf	
WARN	missing_superclass	MAXO:0001046	rdfs:subClassOf	
WARN	missing_superclass	MAXO:0001047	rdfs:subClassOf	
WARN	missing_superclass	MAXO:0001048	rdfs:subClassOf	
WARN	missing_superclass	MAXO:0001049	rdfs:subClassOf	
WARN	missing_superclass	MAXO:0001050	rdfs:subClassOf	
WARN	missing_superclass	MAXO:0001051	rdfs:subClassOf	
WARN	missing_superclass	MAXO:0001052	rdfs:subClassOf	
WARN	missing_superclass	MAXO:0001053	rdfs:subClassOf	
WARN	missing_superclass	MAXO:0001054	rdfs:subClassOf	
WARN	missing_superclass	MAXO:0001055	rdfs:subClassOf	
WARN	missing_superclass	MAXO:0001056	rdfs:subClassOf	
WARN	missing_superclass	MAXO:0001057	rdfs:subClassOf	
WARN	missing_superclass	MAXO:0001058	rdfs:subClassOf	
WARN	missing_superclass	MAXO:0001059	rdfs:subClassOf	
WARN	missing_superclass	MAXO:0001060	rdfs:subClassOf	
WARN	missing_superclass	MAXO:0001061	rdfs:subClassOf	
WARN	missing_superclass	MAXO:0001062	rdfs:subClassOf	
WARN	missing_superclass	MAXO:0001063	rdfs:subClassOf	
WARN	missing_superclass	MAXO:0001064	rdfs:subClassOf	
WARN	missing_superclass	MAXO:0001065	rdfs:subClassOf	
WARN	missing_superclass	MAXO:0001066	rdfs:subClassOf	
WARN	missing_superclass	MAXO:0001067	rdfs:subClassOf	
WARN	missing_superclass	MAXO:0001068	rdfs:subClassOf	
WARN	missing_superclass	MAXO:0001069	rdfs:subClassOf	
WARN	missing_superclass	MAXO:0001070	rdfs:subClassOf	
WARN	missing_superclass	MAXO:0001071	rdfs:subClassOf	
WARN	missing_superclass	MAXO:0001072	rdfs:subClassOf	
WARN	missing_superclass	MAXO:0001073	rdfs:subClassOf	
WARN	missing_superclass	MAXO:0001074	rdfs:subClassOf	
WARN	missing_superclass	MAXO:0001075	rdfs:subClassOf	
WARN	missing_superclass	MAXO:0001076	rdfs:subClassOf	
WARN	missing_superclass	MAXO:0001077	rdfs:subClassOf	
WARN	missing_superclass	MAXO:0001078	rdfs:subClassOf	
WARN	missing_superclass	MAXO:0001079	rdfs:subClassOf	
WARN	missing_superclass	MAXO:0001080	rdfs:subClassOf	
WARN	missing_superclass	MAXO:0001081	rdfs:subClassOf	
WARN	missing_superclass	MAXO:0001083	rdfs:subClassOf	
WARN	missing_superclass	MAXO:0001084	rdfs:subClassOf	
WARN	missing_superclass	MAXO:0001085	rdfs:subClassOf	
WARN	missing_superclass	MAXO:0001086	rdfs:subClassOf	
WARN	missing_superclass	MAXO:0001087	rdfs:subClassOf	
WARN	missing_superclass	MAXO:0001088	rdfs:subClassOf	
WARN	missing_superclass	MAXO:0001089	rdfs:subClassOf	
WARN	missing_superclass	MAXO:0001091	rdfs:subClassOf	
WARN	missing_superclass	MAXO:0001092	rdfs:subClassOf	
WARN	missing_superclass	MAXO:0001093	rdfs:subClassOf	
WARN	missing_superclass	MAXO:0001094	rdfs:subClassOf	
WARN	missing_superclass	MAXO:0001095	rdfs:subClassOf	
WARN	missing_superclass	MAXO:0001096	rdfs:subClassOf	
WARN	missing_superclass	MAXO:0001097	rdfs:subClassOf	
WARN	missing_superclass	MAXO:0001098	rdfs:subClassOf	
WARN	missing_superclass	MAXO:0001099	rdfs:subClassOf	
WARN	missing_superclass	MAXO:0001100	rdfs:subClassOf	
WARN	missing_superclass	MAXO:0001101	rdfs:subClassOf	
WARN	missing_superclass	MAXO:0001102	rdfs:subClassOf	
WARN	missing_superclass	MAXO:0001103	rdfs:subClassOf	
WARN	missing_superclass	MAXO:0001104	rdfs:subClassOf	
WARN	missing_superclass	MAXO:0001105	rdfs:subClassOf	
WARN	missing_superclass	MAXO:0001106	rdfs:subClassOf	
WARN	missing_superclass	MAXO:0001107	rdfs:subClassOf	
WARN	missing_superclass	MAXO:0001108	rdfs:subClassOf	
WARN	missing_superclass	MAXO:0001109	rdfs:subClassOf	
WARN	missing_superclass	MAXO:0001110	rdfs:subClassOf	
WARN	missing_superclass	MAXO:0001111	rdfs:subClassOf	
WARN	missing_superclass	MAXO:0001113	rdfs:subClassOf	
WARN	missing_superclass	MAXO:0001121	rdfs:subClassOf	
WARN	missing_superclass	MAXO:0001122	rdfs:subClassOf	
WARN	missing_superclass	MAXO:0001123	rdfs:subClassOf	
WARN	missing_superclass	MAXO:0001124	rdfs:subClassOf	
WARN	missing_superclass	MAXO:0001125	rdfs:subClassOf	
WARN	missing_superclass	MAXO:0001128	rdfs:subClassOf	
WARN	missing_superclass	MAXO:0001129	rdfs:subClassOf	
WARN	missing_superclass	MAXO:0001130	rdfs:subClassOf	
WARN	missing_superclass	MAXO:0001131	rdfs:subClassOf	
WARN	missing_superclass	MAXO:0001133	rdfs:subClassOf	
WARN	missing_superclass	MAXO:0001134	rdfs:subClassOf	
WARN	missing_superclass	MAXO:0001135	rdfs:subClassOf	
WARN	missing_superclass	MAXO:0001136	rdfs:subClassOf	
WARN	missing_superclass	MAXO:0001137	rdfs:subClassOf	
WARN	missing_superclass	MAXO:0001138	rdfs:subClassOf	
WARN	missing_superclass	MAXO:0001139	rdfs:subClassOf	
WARN	missing_superclass	MAXO:0001140	rdfs:subClassOf	
WARN	missing_superclass	MAXO:0001141	rdfs:subClassOf	
WARN	missing_superclass	MAXO:0001142	rdfs:subClassOf	
WARN	missing_superclass	MAXO:0001143	rdfs:subClassOf	
WARN	missing_superclass	MAXO:0001144	rdfs:subClassOf	
WARN	missing_superclass	MAXO:0001145	rdfs:subClassOf	
WARN	missing_superclass	MAXO:0001146	rdfs:subClassOf	
WARN	missing_superclass	MAXO:0001147	rdfs:subClassOf	
WARN	missing_superclass	MAXO:0001148	rdfs:subClassOf	
WARN	missing_superclass	MAXO:0001149	rdfs:subClassOf	
WARN	missing_superclass	MAXO:0001150	rdfs:subClassOf	
WARN	missing_superclass	MAXO:0001151	rdfs:subClassOf	
WARN	missing_superclass	MAXO:0001152	rdfs:subClassOf	
WARN	missing_superclass	MAXO:0001154	rdfs:subClassOf	
WARN	missing_superclass	MAXO:0001156	rdfs:subClassOf	
WARN	missing_superclass	MAXO:0001159	rdfs:subClassOf	
WARN	missing_superclass	MAXO:0001160	rdfs:subClassOf	
WARN	missing_superclass	MAXO:0001161	rdfs:subClassOf	
WARN	missing_superclass	MAXO:0001162	rdfs:subClassOf	
WARN	missing_superclass	MAXO:0001163	rdfs:subClassOf	
WARN	missing_superclass	MAXO:0001164	rdfs:subClassOf	
WARN	missing_superclass	MAXO:0001165	rdfs:subClassOf	
WARN	missing_superclass	MAXO:0001166	rdfs:subClassOf	
WARN	missing_superclass	MAXO:0001167	rdfs:subClassOf	
WARN	missing_superclass	MAXO:0001168	rdfs:subClassOf	
WARN	missing_superclass	MAXO:0001169	rdfs:subClassOf	
WARN	missing_superclass	MAXO:0001170	rdfs:subClassOf	
WARN	missing_superclass	MAXO:0001171	rdfs:subClassOf	
WARN	missing_superclass	MAXO:0001172	rdfs:subClassOf	
WARN	missing_superclass	MAXO:0001173	rdfs:subClassOf	
WARN	missing_superclass	MAXO:0001174	rdfs:subClassOf	
WARN	missing_superclass	MAXO:0001175	rdfs:subClassOf	
WARN	missing_superclass	MAXO:0001176	rdfs:subClassOf	
WARN	missing_superclass	MAXO:0001177	rdfs:subClassOf	
WARN	missing_superclass	MAXO:0001178	rdfs:subClassOf	
WARN	missing_superclass	MAXO:0001179	rdfs:subClassOf	
WARN	missing_superclass	MAXO:0001180	rdfs:subClassOf	
WARN	missing_superclass	MAXO:0001181	rdfs:subClassOf	
WARN	missing_superclass	MAXO:0001182	rdfs:subClassOf	
WARN	missing_superclass	MAXO:0001183	rdfs:subClassOf	
WARN	missing_superclass	MAXO:0001184	rdfs:subClassOf	
WARN	missing_superclass	MAXO:0001185	rdfs:subClassOf	
WARN	missing_superclass	MAXO:0001186	rdfs:subClassOf	
WARN	missing_superclass	MAXO:0001187	rdfs:subClassOf	
WARN	missing_superclass	MAXO:0001188	rdfs:subClassOf	
WARN	missing_superclass	MAXO:0001189	rdfs:subClassOf	
WARN	missing_superclass	MAXO:0001191	rdfs:subClassOf	
WARN	missing_superclass	MAXO:0001193	rdfs:subClassOf	
WARN	missing_superclass	MAXO:0001194	rdfs:subClassOf	
WARN	missing_superclass	MAXO:0001195	rdfs:subClassOf	
WARN	missing_superclass	MAXO:0001196	rdfs:subClassOf	
WARN	missing_superclass	MAXO:0001197	rdfs:subClassOf	
WARN	missing_superclass	MAXO:0001198	rdfs:subClassOf	
WARN	missing_superclass	MAXO:0001199	rdfs:subClassOf	
WARN	missing_superclass	MAXO:0001200	rdfs:subClassOf	
WARN	missing_superclass	MAXO:0001201	rdfs:subClassOf	
WARN	missing_superclass	MAXO:0001202	rdfs:subClassOf	
WARN	missing_superclass	MAXO:0001203	rdfs:subClassOf	
WARN	missing_superclass	MAXO:0001204	rdfs:subClassOf	
WARN	missing_superclass	MAXO:0001205	rdfs:subClassOf	
WARN	missing_superclass	MAXO:0001206	rdfs:subClassOf	
WARN	missing_superclass	MAXO:0001207	rdfs:subClassOf	
WARN	missing_superclass	MAXO:0001208	rdfs:subClassOf	
WARN	missing_superclass	MAXO:0001209	rdfs:subClassOf	
WARN	missing_superclass	MAXO:0001210	rdfs:subClassOf	
WARN	missing_superclass	MAXO:0001211	rdfs:subClassOf	
WARN	missing_superclass	MAXO:0001212	rdfs:subClassOf	
WARN	missing_superclass	MAXO:0001213	rdfs:subClassOf	
WARN	missing_superclass	MAXO:0001214	rdfs:subClassOf	
WARN	missing_superclass	MAXO:0001215	rdfs:subClassOf	
WARN	missing_superclass	MAXO:0001216	rdfs:subClassOf	
WARN	missing_superclass	MAXO:0001217	rdfs:subClassOf	
WARN	missing_superclass	MAXO:0001218	rdfs:subClassOf	
WARN	missing_superclass	MAXO:0001219	rdfs:subClassOf	
WARN	missing_superclass	MAXO:0001221	rdfs:subClassOf	
WARN	missing_superclass	MAXO:0001222	rdfs:subClassOf	
WARN	missing_superclass	MAXO:0001223	rdfs:subClassOf	
WARN	missing_superclass	MAXO:0001224	rdfs:subClassOf	
WARN	missing_superclass	MAXO:0001225	rdfs:subClassOf	
WARN	missing_superclass	MAXO:0001226	rdfs:subClassOf	
WARN	missing_superclass	MAXO:0001227	rdfs:subClassOf	
WARN	missing_superclass	MAXO:0001228	rdfs:subClassOf	
WARN	missing_superclass	MAXO:0001229	rdfs:subClassOf	
WARN	missing_superclass	MAXO:0001230	rdfs:subClassOf	
WARN	missing_superclass	MAXO:0001231	rdfs:subClassOf	
WARN	missing_superclass	MAXO:0001232	rdfs:subClassOf	
WARN	missing_superclass	MAXO:0001233	rdfs:subClassOf	
WARN	missing_superclass	MAXO:0001234	rdfs:subClassOf	
WARN	missing_superclass	MAXO:0001235	rdfs:subClassOf	
WARN	missing_superclass	MAXO:0001236	rdfs:subClassOf	
WARN	missing_superclass	MAXO:0001237	rdfs:subClassOf	
WARN	missing_superclass	MAXO:0001238	rdfs:subClassOf	
WARN	missing_superclass	MAXO:0001239	rdfs:subClassOf	
WARN	missing_superclass	MAXO:0001240	rdfs:subClassOf	
WARN	missing_superclass	MAXO:0001241	rdfs:subClassOf	
WARN	missing_superclass	MAXO:0001242	rdfs:subClassOf	
WARN	missing_superclass	MAXO:0001243	rdfs:subClassOf	
WARN	missing_superclass	MAXO:0001244	rdfs:subClassOf	
WARN	missing_superclass	MAXO:0001245	rdfs:subClassOf	
WARN	missing_superclass	MAXO:0001246	rdfs:subClassOf	
WARN	missing_superclass	MAXO:0001247	rdfs:subClassOf	
WARN	missing_superclass	MAXO:0001248	rdfs:subClassOf	
WARN	missing_superclass	MAXO:0001249	rdfs:subClassOf	
WARN	missing_superclass	MAXO:0001250	rdfs:subClassOf	
WARN	missing_superclass	MAXO:0001251	rdfs:subClassOf	
WARN	missing_superclass	MAXO:0001252	rdfs:subClassOf	
WARN	missing_superclass	MAXO:0001253	rdfs:subClassOf	
WARN	missing_superclass	MAXO:0001254	rdfs:subClassOf	
WARN	missing_superclass	MAXO:0001255	rdfs:subClassOf	
WARN	missing_superclass	MAXO:0001259	rdfs:subClassOf	
WARN	missing_superclass	MAXO:0001260	rdfs:subClassOf	
WARN	missing_superclass	MAXO:0001261	rdfs:subClassOf	
WARN	missing_superclass	MAXO:0001262	rdfs:subClassOf	
WARN	missing_superclass	MAXO:0001263	rdfs:subClassOf	
WARN	missing_superclass	MAXO:0001264	rdfs:subClassOf	
WARN	missing_superclass	MAXO:0001265	rdfs:subClassOf	
WARN	missing_superclass	MAXO:0001266	rdfs:subClassOf	
WARN	missing_superclass	MAXO:0001267	rdfs:subClassOf	
WARN	missing_superclass	MAXO:0001270	rdfs:subClassOf	
WARN	missing_superclass	MAXO:0001271	rdfs:subClassOf	
WARN	missing_superclass	MAXO:0001272	rdfs:subClassOf	
WARN	missing_superclass	MAXO:0001273	rdfs:subClassOf	
WARN	missing_superclass	MAXO:0001274	rdfs:subClassOf	
WARN	missing_superclass	MAXO:0001275	rdfs:subClassOf	
WARN	missing_superclass	MAXO:0001276	rdfs:subClassOf	
WARN	missing_superclass	MAXO:0001277	rdfs:subClassOf	
WARN	missing_superclass	MAXO:0001278	rdfs:subClassOf	
WARN	missing_superclass	MAXO:0001279	rdfs:subClassOf	
WARN	missing_superclass	MAXO:0001280	rdfs:subClassOf	
WARN	missing_superclass	MAXO:0001281	rdfs:subClassOf	
WARN	missing_superclass	MAXO:0001282	rdfs:subClassOf	
WARN	missing_superclass	MAXO:0001283	rdfs:subClassOf	
WARN	missing_superclass	MAXO:0001284	rdfs:subClassOf	
WARN	missing_superclass	MAXO:0001285	rdfs:subClassOf	
WARN	missing_superclass	MAXO:0001286	rdfs:subClassOf	
WARN	missing_superclass	MAXO:0001287	rdfs:subClassOf	
WARN	missing_superclass	MAXO:0001288	rdfs:subClassOf	
WARN	missing_superclass	MAXO:0001289	rdfs:subClassOf	
WARN	missing_superclass	MAXO:0001290	rdfs:subClassOf	
WARN	missing_superclass	MAXO:0001291	rdfs:subClassOf	
WARN	missing_superclass	MAXO:0001292	rdfs:subClassOf	
WARN	missing_superclass	MAXO:0001293	rdfs:subClassOf	
WARN	missing_superclass	MAXO:0001294	rdfs:subClassOf	
WARN	missing_superclass	MAXO:0001295	rdfs:subClassOf	
WARN	missing_superclass	MAXO:0001296	rdfs:subClassOf	
WARN	missing_superclass	MAXO:0001297	rdfs:subClassOf	
WARN	missing_superclass	MAXO:0001299	rdfs:subClassOf	
WARN	missing_superclass	MAXO:0001300	rdfs:subClassOf	
WARN	missing_superclass	MAXO:0001301	rdfs:subClassOf	
WARN	missing_superclass	MAXO:0001302	rdfs:subClassOf	
WARN	missing_superclass	MAXO:0001303	rdfs:subClassOf	
WARN	missing_superclass	MAXO:0001304	rdfs:subClassOf	
WARN	missing_superclass	MAXO:0001305	rdfs:subClassOf	
WARN	missing_superclass	MAXO:0001306	rdfs:subClassOf	
WARN	missing_superclass	MAXO:0001308	rdfs:subClassOf	
WARN	missing_superclass	MAXO:0001309	rdfs:subClassOf	
WARN	missing_superclass	MAXO:0001310	rdfs:subClassOf	
WARN	missing_superclass	MAXO:0001311	rdfs:subClassOf	
WARN	missing_superclass	MAXO:0001312	rdfs:subClassOf	
WARN	missing_superclass	MAXO:0001315	rdfs:subClassOf	
WARN	missing_superclass	MAXO:0001320	rdfs:subClassOf	
WARN	missing_superclass	MAXO:0001322	rdfs:subClassOf	
WARN	missing_superclass	MAXO:0001323	rdfs:subClassOf	
WARN	missing_superclass	MAXO:0001324	rdfs:subClassOf	
WARN	missing_superclass	MAXO:0001325	rdfs:subClassOf	
WARN	missing_superclass	MAXO:0001326	rdfs:subClassOf	
WARN	missing_superclass	MAXO:0001327	rdfs:subClassOf	
WARN	missing_superclass	MAXO:0001328	rdfs:subClassOf	
WARN	missing_superclass	MAXO:0001329	rdfs:subClassOf	
WARN	missing_superclass	MAXO:0001330	rdfs:subClassOf	
WARN	missing_superclass	MAXO:0001331	rdfs:subClassOf	
WARN	missing_superclass	MAXO:0001332	rdfs:subClassOf	
WARN	missing_superclass	MAXO:0001333	rdfs:subClassOf	
WARN	missing_superclass	MAXO:0001334	rdfs:subClassOf	
WARN	missing_superclass	MAXO:0001335	rdfs:subClassOf	
WARN	missing_superclass	MAXO:0001336	rdfs:subClassOf	
WARN	missing_superclass	MAXO:0001337	rdfs:subClassOf	
WARN	missing_superclass	MAXO:0001338	rdfs:subClassOf	
WARN	missing_superclass	MAXO:0001339	rdfs:subClassOf	
WARN	missing_superclass	MAXO:0001340	rdfs:subClassOf	
WARN	missing_superclass	MAXO:0001342	rdfs:subClassOf	
WARN	missing_superclass	MAXO:0001343	rdfs:subClassOf	
WARN	missing_superclass	MAXO:0001344	rdfs:subClassOf	
WARN	missing_superclass	MAXO:0001345	rdfs:subClassOf	
WARN	missing_superclass	MAXO:0001346	rdfs:subClassOf	
WARN	missing_superclass	MAXO:0001347	rdfs:subClassOf	
WARN	missing_superclass	MAXO:0001348	rdfs:subClassOf	
WARN	missing_superclass	MAXO:0001349	rdfs:subClassOf	
WARN	missing_superclass	MAXO:0001350	rdfs:subClassOf	
WARN	missing_superclass	MAXO:0001352	rdfs:subClassOf	
WARN	missing_superclass	MAXO:0001353	rdfs:subClassOf	
WARN	missing_superclass	MAXO:0001354	rdfs:subClassOf	
WARN	missing_superclass	MAXO:0001355	rdfs:subClassOf	
WARN	missing_superclass	MAXO:0001356	rdfs:subClassOf	
WARN	missing_superclass	MAXO:0001357	rdfs:subClassOf	
WARN	missing_superclass	MAXO:0001358	rdfs:subClassOf	
WARN	missing_superclass	MAXO:0001360	rdfs:subClassOf	
WARN	missing_superclass	MAXO:0001361	rdfs:subClassOf	
WARN	missing_superclass	MAXO:0001362	rdfs:subClassOf	
WARN	missing_superclass	MAXO:0001363	rdfs:subClassOf	
WARN	missing_superclass	MAXO:0001364	rdfs:subClassOf	
WARN	missing_superclass	MAXO:0001365	rdfs:subClassOf	
WARN	missing_superclass	MAXO:0001366	rdfs:subClassOf	
WARN	missing_superclass	MAXO:0001367	rdfs:subClassOf	
WARN	missing_superclass	MAXO:0001368	rdfs:subClassOf	
WARN	missing_superclass	MAXO:0001369	rdfs:subClassOf	
WARN	missing_superclass	MAXO:0001370	rdfs:subClassOf	
WARN	missing_superclass	MAXO:0001371	rdfs:subClassOf	
WARN	missing_superclass	MAXO:0001372	rdfs:subClassOf	
WARN	missing_superclass	MAXO:0001373	rdfs:subClassOf	
WARN	missing_superclass	MAXO:0001374	rdfs:subClassOf	
WARN	missing_superclass	MAXO:0001375	rdfs:subClassOf	
WARN	missing_superclass	MAXO:0001376	rdfs:subClassOf	
WARN	missing_superclass	MAXO:0001377	rdfs:subClassOf	
WARN	missing_superclass	MAXO:0001378	rdfs:subClassOf	
WARN	missing_superclass	MAXO:0001379	rdfs:subClassOf	
WARN	missing_superclass	MAXO:0001380	rdfs:subClassOf	
WARN	missing_superclass	MAXO:0001381	rdfs:subClassOf	
WARN	missing_superclass	MAXO:0001382	rdfs:subClassOf	
WARN	missing_superclass	MAXO:0001383	rdfs:subClassOf	
WARN	missing_superclass	MAXO:0001384	rdfs:subClassOf	
WARN	missing_superclass	MAXO:0001385	rdfs:subClassOf	
WARN	missing_superclass	MAXO:0001386	rdfs:subClassOf	
WARN	missing_superclass	MAXO:0001387	rdfs:subClassOf	
WARN	missing_superclass	MAXO:0001396	rdfs:subClassOf	
WARN	missing_superclass	MAXO:0001397	rdfs:subClassOf	
WARN	missing_superclass	MAXO:0001398	rdfs:subClassOf	
WARN	missing_superclass	MAXO:0001399	rdfs:subClassOf	
WARN	missing_superclass	MAXO:0001400	rdfs:subClassOf	
WARN	missing_superclass	MAXO:0001401	rdfs:subClassOf	
WARN	missing_superclass	MAXO:0001402	rdfs:subClassOf	
WARN	missing_superclass	MAXO:0001403	rdfs:subClassOf	
WARN	missing_superclass	MAXO:0001404	rdfs:subClassOf	
WARN	missing_superclass	MAXO:0001405	rdfs:subClassOf	
WARN	missing_superclass	MAXO:0001406	rdfs:subClassOf	
WARN	missing_superclass	MAXO:0001407	rdfs:subClassOf	
WARN	missing_superclass	MAXO:0001408	rdfs:subClassOf	
WARN	missing_superclass	MAXO:0001409	rdfs:subClassOf	
WARN	missing_superclass	MAXO:0001410	rdfs:subClassOf	
WARN	missing_superclass	MAXO:0001411	rdfs:subClassOf	
WARN	missing_superclass	MAXO:0001412	rdfs:subClassOf	
WARN	missing_superclass	MAXO:0001413	rdfs:subClassOf	
WARN	missing_superclass	MAXO:0001414	rdfs:subClassOf	
WARN	missing_superclass	MAXO:0001415	rdfs:subClassOf	
WARN	missing_superclass	MAXO:0001416	rdfs:subClassOf	
WARN	missing_superclass	MAXO:0001417	rdfs:subClassOf	
WARN	missing_superclass	MAXO:0001418	rdfs:subClassOf	
WARN	missing_superclass	MAXO:0001419	rdfs:subClassOf	
WARN	missing_superclass	MAXO:0001420	rdfs:subClassOf	
WARN	missing_superclass	MAXO:0001422	rdfs:subClassOf	
WARN	missing_superclass	MAXO:0001423	rdfs:subClassOf	
WARN	missing_superclass	MAXO:0001424	rdfs:subClassOf	
WARN	missing_superclass	MAXO:0001425	rdfs:subClassOf	
WARN	missing_superclass	MAXO:0001426	rdfs:subClassOf	
WARN	missing_superclass	MAXO:0001427	rdfs:subClassOf	
WARN	missing_superclass	MAXO:0001428	rdfs:subClassOf	
WARN	missing_superclass	MAXO:0001429	rdfs:subClassOf	
WARN	missing_superclass	MAXO:0001430	rdfs:subClassOf	
WARN	missing_superclass	MAXO:0001431	rdfs:subClassOf	
WARN	missing_superclass	MAXO:0001432	rdfs:subClassOf	
WARN	missing_superclass	MAXO:0001433	rdfs:subClassOf	
WARN	missing_superclass	MAXO:0001434	rdfs:subClassOf	
WARN	missing_superclass	MAXO:0001435	rdfs:subClassOf	
WARN	missing_superclass	MAXO:0001436	rdfs:subClassOf	
WARN	missing_superclass	MAXO:0001437	rdfs:subClassOf	
WARN	missing_superclass	MAXO:0001438	rdfs:subClassOf	
WARN	missing_superclass	MAXO:0001439	rdfs:subClassOf	
WARN	missing_superclass	MAXO:0001440	rdfs:subClassOf	
WARN	missing_superclass	MAXO:0001441	rdfs:subClassOf	
WARN	missing_superclass	MAXO:0001442	rdfs:subClassOf	
WARN	missing_superclass	MAXO:0001443	rdfs:subClassOf	
WARN	missing_superclass	MAXO:0001444	rdfs:subClassOf	
WARN	missing_superclass	MAXO:0001445	rdfs:subClassOf	
WARN	missing_superclass	MAXO:0001446	rdfs:subClassOf	
WARN	missing_superclass	MAXO:0001447	rdfs:subClassOf	
WARN	missing_superclass	MAXO:0001448	rdfs:subClassOf	
WARN	missing_superclass	MAXO:0001449	rdfs:subClassOf	
WARN	missing_superclass	MAXO:0001450	rdfs:subClassOf	
WARN	missing_superclass	MAXO:0001451	rdfs:subClassOf	
WARN	missing_superclass	MAXO:0001452	rdfs:subClassOf	
WARN	missing_superclass	MAXO:0001453	rdfs:subClassOf	
WARN	missing_superclass	MAXO:0001454	rdfs:subClassOf	
WARN	missing_superclass	MAXO:0001455	rdfs:subClassOf	
WARN	missing_superclass	MAXO:0001456	rdfs:subClassOf	
WARN	missing_superclass	MAXO:0001457	rdfs:subClassOf	
WARN	missing_superclass	MAXO:0001458	rdfs:subClassOf	
WARN	missing_superclass	MAXO:0001459	rdfs:subClassOf	
WARN	missing_superclass	MAXO:0001460	rdfs:subClassOf	
WARN	missing_superclass	MAXO:0001461	rdfs:subClassOf	
WARN	missing_superclass	MAXO:0001462	rdfs:subClassOf	
WARN	missing_superclass	MAXO:0001463	rdfs:subClassOf	
WARN	missing_superclass	MAXO:0001464	rdfs:subClassOf	
WARN	missing_superclass	MAXO:0001465	rdfs:subClassOf	
WARN	missing_superclass	MAXO:0001466	rdfs:subClassOf	
WARN	missing_superclass	MAXO:0001467	rdfs:subClassOf	
WARN	missing_superclass	MAXO:0010004	rdfs:subClassOf	
WARN	missing_superclass	MAXO:0010005	rdfs:subClassOf	
WARN	missing_superclass	MAXO:0010006	rdfs:subClassOf	
WARN	missing_superclass	MAXO:0010007	rdfs:subClassOf	
WARN	missing_superclass	MAXO:0010008	rdfs:subClassOf	
WARN	missing_superclass	MAXO:0010009	rdfs:subClassOf	
WARN	missing_superclass	MAXO:0010010	rdfs:subClassOf	
WARN	missing_superclass	MAXO:0010011	rdfs:subClassOf	
WARN	missing_superclass	MAXO:0010012	rdfs:subClassOf	
WARN	missing_superclass	MAXO:0010013	rdfs:subClassOf	
WARN	missing_superclass	MAXO:0010014	rdfs:subClassOf	
WARN	missing_superclass	MAXO:0010015	rdfs:subClassOf	
WARN	missing_superclass	MAXO:0010016	rdfs:subClassOf	
WARN	missing_superclass	MAXO:0010017	rdfs:subClassOf	
WARN	missing_superclass	MAXO:0010018	rdfs:subClassOf	
WARN	missing_superclass	MAXO:0010019	rdfs:subClassOf	
WARN	missing_superclass	MAXO:0010020	rdfs:subClassOf	
WARN	missing_superclass	MAXO:0010021	rdfs:subClassOf	
WARN	missing_superclass	MAXO:0010022	rdfs:subClassOf	
WARN	missing_superclass	MAXO:0010023	rdfs:subClassOf	
WARN	missing_superclass	MAXO:0010024	rdfs:subClassOf	
WARN	missing_superclass	MAXO:0010025	rdfs:subClassOf	
WARN	missing_superclass	MAXO:0010026	rdfs:subClassOf	
WARN	missing_superclass	MAXO:0010027	rdfs:subClassOf	
WARN	missing_superclass	MAXO:0010028	rdfs:subClassOf	
WARN	missing_superclass	MAXO:0010030	rdfs:subClassOf	
WARN	missing_superclass	MAXO:0010031	rdfs:subClassOf	
WARN	missing_superclass	MAXO:0010032	rdfs:subClassOf	
WARN	missing_superclass	MAXO:0010033	rdfs:subClassOf	
WARN	missing_superclass	MAXO:0010034	rdfs:subClassOf	
WARN	missing_superclass	MAXO:0010035	rdfs:subClassOf	
WARN	missing_superclass	MAXO:0010036	rdfs:subClassOf	
WARN	missing_superclass	MAXO:0010037	rdfs:subClassOf	
WARN	missing_superclass	MAXO:0010038	rdfs:subClassOf	
WARN	missing_superclass	MAXO:0010039	rdfs:subClassOf	
WARN	missing_superclass	MAXO:0010040	rdfs:subClassOf	
WARN	missing_superclass	MAXO:0010041	rdfs:subClassOf	
WARN	missing_superclass	MAXO:0010042	rdfs:subClassOf	
WARN	missing_superclass	MAXO:0010043	rdfs:subClassOf	
WARN	missing_superclass	MAXO:0010200	rdfs:subClassOf	
WARN	missing_superclass	MAXO:0010201	rdfs:subClassOf	
WARN	missing_superclass	MAXO:0010202	rdfs:subClassOf	
WARN	missing_superclass	MAXO:0010203	rdfs:subClassOf	
WARN	missing_superclass	MAXO:0010204	rdfs:subClassOf	
WARN	missing_superclass	MAXO:0010205	rdfs:subClassOf	
WARN	missing_superclass	MAXO:0010206	rdfs:subClassOf	
WARN	missing_superclass	MAXO:0010207	rdfs:subClassOf	
WARN	missing_superclass	MAXO:0010208	rdfs:subClassOf	
WARN	missing_superclass	MAXO:0010209	rdfs:subClassOf	
WARN	missing_superclass	MAXO:0010210	rdfs:subClassOf	
WARN	missing_superclass	MAXO:0010211	rdfs:subClassOf	
WARN	missing_superclass	MAXO:0010212	rdfs:subClassOf	
WARN	missing_superclass	MAXO:0010213	rdfs:subClassOf	
WARN	missing_superclass	MAXO:0010214	rdfs:subClassOf	
WARN	missing_superclass	MAXO:0010215	rdfs:subClassOf	
WARN	missing_superclass	MAXO:0010216	rdfs:subClassOf	
WARN	missing_superclass	MAXO:0010217	rdfs:subClassOf	
WARN	missing_superclass	MAXO:0010218	rdfs:subClassOf	
WARN	missing_superclass	MAXO:0010219	rdfs:subClassOf	
WARN	missing_superclass	MAXO:0010220	rdfs:subClassOf	
WARN	missing_superclass	MAXO:0010222	rdfs:subClassOf	
WARN	missing_superclass	MAXO:0010301	rdfs:subClassOf	
WARN	missing_superclass	MAXO:0010302	rdfs:subClassOf	
WARN	missing_superclass	MAXO:0010303	rdfs:subClassOf	
WARN	missing_superclass	MAXO:0010304	rdfs:subClassOf	
WARN	missing_superclass	MAXO:0010305	rdfs:subClassOf	
WARN	missing_superclass	MAXO:0010307	rdfs:subClassOf	
WARN	missing_superclass	MAXO:0010308	rdfs:subClassOf	
WARN	missing_superclass	MAXO:0010309	rdfs:subClassOf	
WARN	missing_superclass	MAXO:0010310	rdfs:subClassOf	
WARN	missing_superclass	MAXO:0010311	rdfs:subClassOf	
WARN	missing_superclass	MAXO:0010312	rdfs:subClassOf	
WARN	missing_superclass	MAXO:0010313	rdfs:subClassOf	
WARN	missing_superclass	MAXO:0010314	rdfs:subClassOf	
WARN	missing_superclass	MAXO:0010315	rdfs:subClassOf	
WARN	missing_superclass	MAXO:0010316	rdfs:subClassOf	
WARN	missing_superclass	MAXO:0010317	rdfs:subClassOf	
WARN	missing_superclass	MAXO:0010318	rdfs:subClassOf	
WARN	missing_superclass	MAXO:0010319	rdfs:subClassOf	
WARN	missing_superclass	MAXO:0010320	rdfs:subClassOf	
WARN	missing_superclass	MAXO:0010351	rdfs:subClassOf	
WARN	missing_superclass	MAXO:0010352	rdfs:subClassOf	
WARN	missing_superclass	MAXO:0010353	rdfs:subClassOf	
WARN	missing_superclass	MAXO:0010354	rdfs:subClassOf	
WARN	missing_superclass	MAXO:0010355	rdfs:subClassOf	
WARN	missing_superclass	MAXO:0010356	rdfs:subClassOf	
WARN	missing_superclass	MAXO:0010357	rdfs:subClassOf	
WARN	missing_superclass	MAXO:0010360	rdfs:subClassOf	
WARN	missing_superclass	MAXO:0010361	rdfs:subClassOf	
WARN	missing_superclass	MAXO:0010362	rdfs:subClassOf	
WARN	missing_superclass	MAXO:0010363	rdfs:subClassOf	
WARN	missing_superclass	MAXO:0010364	rdfs:subClassOf	
WARN	missing_superclass	MAXO:0010366	rdfs:subClassOf	
WARN	missing_superclass	MAXO:0035001	rdfs:subClassOf	
WARN	missing_superclass	MAXO:0035006	rdfs:subClassOf	
WARN	missing_superclass	MAXO:0035008	rdfs:subClassOf	
WARN	missing_superclass	MAXO:0035014	rdfs:subClassOf	
WARN	missing_superclass	MAXO:0035034	rdfs:subClassOf	
WARN	missing_superclass	MAXO:0035035	rdfs:subClassOf	
WARN	missing_superclass	MAXO:0035037	rdfs:subClassOf	
WARN	missing_superclass	MAXO:0035042	rdfs:subClassOf	
WARN	missing_superclass	MAXO:0035043	rdfs:subClassOf	
WARN	missing_superclass	MAXO:0035044	rdfs:subClassOf	
WARN	missing_superclass	MAXO:0035048	rdfs:subClassOf	
WARN	missing_superclass	MAXO:0035050	rdfs:subClassOf	
WARN	missing_superclass	MAXO:0035051	rdfs:subClassOf	
WARN	missing_superclass	MAXO:0035052	rdfs:subClassOf	
WARN	missing_superclass	MAXO:0035053	rdfs:subClassOf	
WARN	missing_superclass	MAXO:0035061	rdfs:subClassOf	
WARN	missing_superclass	MAXO:0035071	rdfs:subClassOf	
WARN	missing_superclass	MAXO:0035072	rdfs:subClassOf	
WARN	missing_superclass	MAXO:0035073	rdfs:subClassOf	
WARN	missing_superclass	MAXO:0035074	rdfs:subClassOf	
WARN	missing_superclass	MAXO:0035082	rdfs:subClassOf	
WARN	missing_superclass	MAXO:0035085	rdfs:subClassOf	
WARN	missing_superclass	MAXO:0035086	rdfs:subClassOf	
WARN	missing_superclass	MAXO:0035087	rdfs:subClassOf	
WARN	missing_superclass	MAXO:0035089	rdfs:subClassOf	
WARN	missing_superclass	MAXO:0035098	rdfs:subClassOf	
WARN	missing_superclass	MAXO:0035107	rdfs:subClassOf	
